CUST_ID,캠페인 ID,캠페인 이름,광고그룹 ID,광고그룹 이름,키워드 ID,키워드,키워드 연결URL(PC),키워드 연결URL(모바일),키워드 입찰가,키워드 상태
1596292,cmp-a001-01-000000009583050,파워_청소기,grp-a001-01-000000052235272,02. VS30D973ISG,nkw-a001-01-000007318320045,VS30D973ISH,,,240,on
1596292,cmp-a001-01-000000009583050,파워_청소기,grp-a001-01-000000052235272,02. VS30D973ISG,nkw-a001-01-000007318414187,제트무선청소기,,,420,on
1596292,cmp-a001-01-000000009583050,파워_청소기,grp-a001-01-000000052235272,02. VS30D973ISG,nkw-a001-01-000007318361764,무선청소기,,,3650,on
1596292,cmp-a001-01-000000009583050,파워_청소기,grp-a001-01-000000052235272,02. VS30D973ISG,nkw-a001-01-000007318414182,삼성제트,,,670,on
1596292,cmp-a001-01-000000009583050,파워_청소기,grp-a001-01-000000052235272,02. VS30D973ISG,nkw-a001-01-000007318414189,삼성비스포크제트청소기,,,800,on
1596292,cmp-a001-01-000000009583050,파워_청소기,grp-a001-01-000000052235272,02. VS30D973ISG,nkw-a001-01-000007318414178,비스포크청소기,,,990,on
1596292,cmp-a001-01-000000009583050,파워_청소기,grp-a001-01-000000052235272,02. VS30D973ISG,nkw-a001-01-000007318414180,삼성비스포크청소기,,,850,on
1596292,cmp-a001-01-000000009583050,파워_청소기,grp-a001-01-000000052235272,02. VS30D973ISG,nkw-a001-01-000007318414185,삼성비스포크제트,,,920,on
1596292,cmp-a001-01-000000009583050,파워_청소기,grp-a001-01-000000052235272,02. VS30D973ISG,nkw-a001-01-000007318414184,비스포크제트,,,890,on
1596292,cmp-a001-01-000000009583050,파워_청소기,grp-a001-01-000000052235272,02. VS30D973ISG,nkw-a001-01-000007318361769,삼성무선청소기,,,820,on
1596292,cmp-a001-01-000000009526718,파워_제습기,grp-a001-01-000000051634956,01. 메인K,nkw-a001-01-000007269428310,삼성제습기,,,3250,on
1596292,cmp-a001-01-000000009526718,파워_제습기,grp-a001-01-000000051634956,01. 메인K,nkw-a001-01-000007269428306,제습기,,,9100,on
1596292,cmp-a001-01-000000009270595,파워_시스템에어컨,grp-a001-01-000000054621340,06. 시스템에어컨 3대,nkw-a001-01-000007494848926,시스템에어컨3대,,,1160,on
1596292,cmp-a001-01-000000009270595,파워_시스템에어컨,grp-a001-01-000000054621340,06. 시스템에어컨 3대,nkw-a001-01-000007494848927,삼성시스템에어컨3대,,,290,on
1596292,cmp-a001-01-000000009270595,파워_시스템에어컨,grp-a001-01-000000054554409,04. 지역+브랜드K,nkw-a001-01-000007494781206,반포퍼스티지시스템에어컨,,,70,on
1596292,cmp-a001-01-000000009270595,파워_시스템에어컨,grp-a001-01-000000054554409,04. 지역+브랜드K,nkw-a001-01-000007494781204,반포퍼스티지아파트시스템에어컨,,,70,on
1596292,cmp-a001-01-000000009270595,파워_시스템에어컨,grp-a001-01-000000054554409,04. 지역+브랜드K,nkw-a001-01-000007489574219,반포자이아파트시스템에어컨,,,70,on
1596292,cmp-a001-01-000000009270595,파워_시스템에어컨,grp-a001-01-000000054554409,04. 지역+브랜드K,nkw-a001-01-000007489574223,반포자이시스템에어컨,,,70,on
1596292,cmp-a001-01-000000009701704,파워_TV,grp-a001-01-000000053518888,01. 으뜸효율K,nkw-a001-01-000007416570019,으뜸효율TV,,,2000,on
1596292,cmp-a001-01-000000009701704,파워_TV,grp-a001-01-000000053518888,01. 으뜸효율K,nkw-a001-01-000007416570020,으뜸효율티비,,,2000,on
1596292,cmp-a001-01-000000009270603,파워_공식몰,grp-a001-01-000000049393535,02. 파트너K,nkw-a001-01-000007031742806,삼성대리점,,,3460,off
1596292,cmp-a001-01-000000009270603,파워_공식몰,grp-a001-01-000000049393535,02. 파트너K,nkw-a001-01-000007031742553,삼성온라인샵,,,70,off
1596292,cmp-a001-01-000000009270603,파워_공식몰,grp-a001-01-000000049393535,02. 파트너K,nkw-a001-01-000007031742811,삼성전자스토어,,,620,on
1596292,cmp-a001-01-000000009270603,파워_공식몰,grp-a001-01-000000049393535,02. 파트너K,nkw-a001-01-000007031742814,삼성전자쇼핑몰,,,780,on
1596292,cmp-a001-01-000000009270603,파워_공식몰,grp-a001-01-000000049393535,02. 파트너K,nkw-a001-01-000007031742805,삼성전자대리점,,,2680,off
1596292,cmp-a001-01-000000009270603,파워_공식몰,grp-a001-01-000000049393535,02. 파트너K,nkw-a001-01-000007031742819,삼성전자공식홈페이지,,,270,off
1596292,cmp-a001-01-000000009270603,파워_공식몰,grp-a001-01-000000049393535,02. 파트너K,nkw-a001-01-000007031742818,삼성전자공식,,,750,on
1596292,cmp-a001-01-000000009270603,파워_공식몰,grp-a001-01-000000049393535,02. 파트너K,nkw-a001-01-000007031742552,삼성공식파트너,,,520,on
1596292,cmp-a001-01-000000009270603,파워_공식몰,grp-a001-01-000000049393535,02. 파트너K,nkw-a001-01-000007031742807,삼성온라인몰,,,450,on
1596292,cmp-a001-01-000000009270603,파워_공식몰,grp-a001-01-000000049393535,02. 파트너K,nkw-a001-01-000007031742817,삼성공식,,,590,on
1596292,cmp-a001-01-000000009270603,파워_공식몰,grp-a001-01-000000049393535,02. 파트너K,nkw-a001-01-000007031742812,삼성전자공식몰,,,1350,off
1596292,cmp-a001-01-000000009270603,파워_공식몰,grp-a001-01-000000049393535,02. 파트너K,nkw-a001-01-000007031742810,삼성전자온라인,,,400,on
1596292,cmp-a001-01-000000009270603,파워_공식몰,grp-a001-01-000000049393535,02. 파트너K,nkw-a001-01-000007031742815,삼성전자샵,,,2480,off
1596292,cmp-a001-01-000000009270603,파워_공식몰,grp-a001-01-000000049393535,02. 파트너K,nkw-a001-01-000007031742813,삼성온라인스토어,,,410,off
1596292,cmp-a001-01-000000009270603,파워_공식몰,grp-a001-01-000000049393535,02. 파트너K,nkw-a001-01-000007031742816,삼성몰,,,1910,off
1596292,cmp-a001-01-000000009270603,파워_공식몰,grp-a001-01-000000049393535,02. 파트너K,nkw-a001-01-000007031742808,삼성전자몰,,,1310,off
1596292,cmp-a001-01-000000009270603,파워_공식몰,grp-a001-01-000000049393535,02. 파트너K,nkw-a001-01-000007031742822,삼성공식온라인몰,,,1010,off
1596292,cmp-a001-01-000000009270603,파워_공식몰,grp-a001-01-000000049393535,02. 파트너K,nkw-a001-01-000007031742820,삼성공식홈페이지,,,760,on
1596292,cmp-a001-01-000000009270603,파워_공식몰,grp-a001-01-000000049393535,02. 파트너K,nkw-a001-01-000007031742821,삼성온라인,,,2490,off
1596292,cmp-a001-01-000000009270603,파워_공식몰,grp-a001-01-000000049393535,02. 파트너K,nkw-a001-01-000007031742809,삼성전자온라인몰,,,1050,off
1596292,cmp-a001-01-000000009270595,파워_시스템에어컨,grp-a001-01-000000054523197,03. 지역K,nkw-a001-01-000007487544554,여주시스템에어컨,,,3000,on
1596292,cmp-a001-01-000000009270595,파워_시스템에어컨,grp-a001-01-000000054523197,03. 지역K,nkw-a001-01-000007487546312,예천시스템에어컨,,,70,on
1596292,cmp-a001-01-000000009270595,파워_시스템에어컨,grp-a001-01-000000054523197,03. 지역K,nkw-a001-01-000007487544541,평택시스템에어컨,,,3000,on
1596292,cmp-a001-01-000000009270595,파워_시스템에어컨,grp-a001-01-000000054523197,03. 지역K,nkw-a001-01-000007487545856,춘천시스템에어컨,,,3000,on
1596292,cmp-a001-01-000000009270595,파워_시스템에어컨,grp-a001-01-000000054523197,03. 지역K,nkw-a001-01-000007487546009,대전시스템에어컨,,,3000,on
1596292,cmp-a001-01-000000009270595,파워_시스템에어컨,grp-a001-01-000000054523197,03. 지역K,nkw-a001-01-000007487546088,진도시스템에어컨,,,70,on
1596292,cmp-a001-01-000000009270595,파워_시스템에어컨,grp-a001-01-000000054523197,03. 지역K,nkw-a001-01-000007487546041,공주시스템에어컨,,,3000,on
1596292,cmp-a001-01-000000009270595,파워_시스템에어컨,grp-a001-01-000000054523197,03. 지역K,nkw-a001-01-000007487546039,천안시스템에어컨,,,3000,on
1596292,cmp-a001-01-000000009270595,파워_시스템에어컨,grp-a001-01-000000054523197,03. 지역K,nkw-a001-01-000007487546049,서천시스템에어컨,,,70,on
1596292,cmp-a001-01-000000009270595,파워_시스템에어컨,grp-a001-01-000000054523197,03. 지역K,nkw-a001-01-000007487544462,송파시스템에어컨,,,70,on
1596292,cmp-a001-01-000000009270595,파워_시스템에어컨,grp-a001-01-000000054523197,03. 지역K,nkw-a001-01-000007487546040,아산시스템에어컨,,,3000,on
1596292,cmp-a001-01-000000009270595,파워_시스템에어컨,grp-a001-01-000000054523197,03. 지역K,nkw-a001-01-000007487546601,제주시스템에어컨,,,3000,on
1596292,cmp-a001-01-000000009270595,파워_시스템에어컨,grp-a001-01-000000054523197,03. 지역K,nkw-a001-01-000007487546008,세종시스템에어컨,,,3000,on
1596292,cmp-a001-01-000000009270595,파워_시스템에어컨,grp-a001-01-000000054523197,03. 지역K,nkw-a001-01-000007487544449,노원시스템에어컨,,,70,on
1596292,cmp-a001-01-000000009270595,파워_시스템에어컨,grp-a001-01-000000054523197,03. 지역K,nkw-a001-01-000007487546304,경주시스템에어컨,,,3000,on
1596292,cmp-a001-01-000000009270595,파워_시스템에어컨,grp-a001-01-000000054523197,03. 지역K,nkw-a001-01-000007487546058,군산시스템에어컨,,,3000,on
1596292,cmp-a001-01-000000009270595,파워_시스템에어컨,grp-a001-01-000000054523197,03. 지역K,nkw-a001-01-000007487546060,정읍시스템에어컨,,,2890,on
1596292,cmp-a001-01-000000009270595,파워_시스템에어컨,grp-a001-01-000000054523197,03. 지역K,nkw-a001-01-000007487544456,금천시스템에어컨,,,70,on
1596292,cmp-a001-01-000000009270595,파워_시스템에어컨,grp-a001-01-000000054523197,03. 지역K,nkw-a001-01-000007487545858,강릉시스템에어컨,,,3000,on
1596292,cmp-a001-01-000000009270595,파워_시스템에어컨,grp-a001-01-000000054523197,03. 지역K,nkw-a001-01-000007487546065,무주시스템에어컨,,,70,on
1596292,cmp-a001-01-000000009270595,파워_시스템에어컨,grp-a001-01-000000054523197,03. 지역K,nkw-a001-01-000007487546303,포항시스템에어컨,,,3000,on
1596292,cmp-a001-01-000000009270595,파워_시스템에어컨,grp-a001-01-000000054523197,03. 지역K,nkw-a001-01-000007487544560,동두천시스템에어컨,,,3000,on
1596292,cmp-a001-01-000000009270595,파워_시스템에어컨,grp-a001-01-000000054523197,03. 지역K,nkw-a001-01-000007487544450,은평시스템에어컨,,,70,on
1596292,cmp-a001-01-000000009270595,파워_시스템에어컨,grp-a001-01-000000054523197,03. 지역K,nkw-a001-01-000007487546077,광양시스템에어컨,,,2670,on
1596292,cmp-a001-01-000000009270595,파워_시스템에어컨,grp-a001-01-000000054523197,03. 지역K,nkw-a001-01-000007487545864,홍천시스템에어컨,,,70,on
1596292,cmp-a001-01-000000009270595,파워_시스템에어컨,grp-a001-01-000000054523197,03. 지역K,nkw-a001-01-000007487546574,김해시스템에어컨,,,3000,on
1596292,cmp-a001-01-000000009270595,파워_시스템에어컨,grp-a001-01-000000054523197,03. 지역K,nkw-a001-01-000007487546047,연기시스템에어컨,,,70,on
1596292,cmp-a001-01-000000009270595,파워_시스템에어컨,grp-a001-01-000000054523197,03. 지역K,nkw-a001-01-000007487546050,청양시스템에어컨,,,70,on
1596292,cmp-a001-01-000000009270595,파워_시스템에어컨,grp-a001-01-000000054523197,03. 지역K,nkw-a001-01-000007487546083,해남시스템에어컨,,,70,on
1596292,cmp-a001-01-000000009270595,파워_시스템에어컨,grp-a001-01-000000054523197,03. 지역K,nkw-a001-01-000007487546320,울진시스템에어컨,,,70,on
1596292,cmp-a001-01-000000009270595,파워_시스템에어컨,grp-a001-01-000000054523197,03. 지역K,nkw-a001-01-000007487546003,옥천시스템에어컨,,,70,on
1596292,cmp-a001-01-000000009270595,파워_시스템에어컨,grp-a001-01-000000054523197,03. 지역K,nkw-a001-01-000007487546589,부산시스템에어컨,,,3000,on
1596292,cmp-a001-01-000000009270595,파워_시스템에어컨,grp-a001-01-000000054523197,03. 지역K,nkw-a001-01-000007487544438,종로시스템에어컨,,,3000,on
1596292,cmp-a001-01-000000009270595,파워_시스템에어컨,grp-a001-01-000000054523197,03. 지역K,nkw-a001-01-000007487546313,의성시스템에어컨,,,70,on
1596292,cmp-a001-01-000000009270595,파워_시스템에어컨,grp-a001-01-000000054523197,03. 지역K,nkw-a001-01-000007487546078,여수시스템에어컨,,,3000,on
1596292,cmp-a001-01-000000009270595,파워_시스템에어컨,grp-a001-01-000000054523197,03. 지역K,nkw-a001-01-000007487545863,평창시스템에어컨,,,70,on
1596292,cmp-a001-01-000000009270595,파워_시스템에어컨,grp-a001-01-000000054523197,03. 지역K,nkw-a001-01-000007487546081,나주시스템에어컨,,,70,on
1596292,cmp-a001-01-000000009270595,파워_시스템에어컨,grp-a001-01-000000054523197,03. 지역K,nkw-a001-01-000007487546305,구미시스템에어컨,,,3000,on
1596292,cmp-a001-01-000000009270595,파워_시스템에어컨,grp-a001-01-000000054523197,03. 지역K,nkw-a001-01-000007487544453,양천시스템에어컨,,,70,on
1596292,cmp-a001-01-000000009270595,파워_시스템에어컨,grp-a001-01-000000054523197,03. 지역K,nkw-a001-01-000007487546006,증평시스템에어컨,,,3000,on
1596292,cmp-a001-01-000000009270595,파워_시스템에어컨,grp-a001-01-000000054523197,03. 지역K,nkw-a001-01-000007487546042,보령시스템에어컨,,,3000,on
1596292,cmp-a001-01-000000009270595,파워_시스템에어컨,grp-a001-01-000000054523197,03. 지역K,nkw-a001-01-000007487546321,울릉시스템에어컨,,,70,on
1596292,cmp-a001-01-000000009270595,파워_시스템에어컨,grp-a001-01-000000054523197,03. 지역K,nkw-a001-01-000007487544552,양주시스템에어컨,,,3000,on
1596292,cmp-a001-01-000000009270595,파워_시스템에어컨,grp-a001-01-000000054523197,03. 지역K,nkw-a001-01-000007487546311,문경시스템에어컨,,,3000,on
1596292,cmp-a001-01-000000009270595,파워_시스템에어컨,grp-a001-01-000000054523197,03. 지역K,nkw-a001-01-000007487546051,홍성시스템에어컨,,,3000,on
1596292,cmp-a001-01-000000009270595,파워_시스템에어컨,grp-a001-01-000000054523197,03. 지역K,nkw-a001-01-000007487546084,영암시스템에어컨,,,70,on
1596292,cmp-a001-01-000000009270595,파워_시스템에어컨,grp-a001-01-000000054523197,03. 지역K,nkw-a001-01-000007487546086,무안시스템에어컨,,,70,on
1596292,cmp-a001-01-000000009270595,파워_시스템에어컨,grp-a001-01-000000054523197,03. 지역K,nkw-a001-01-000007487544444,동대문시스템에어컨,,,70,on
1596292,cmp-a001-01-000000009270595,파워_시스템에어컨,grp-a001-01-000000054523197,03. 지역K,nkw-a001-01-000007487545860,속초시스템에어컨,,,3000,on
1596292,cmp-a001-01-000000009270595,파워_시스템에어컨,grp-a001-01-000000054523197,03. 지역K,nkw-a001-01-000007487546079,순천시스템에어컨,,,3000,on
1596292,cmp-a001-01-000000009270595,파워_시스템에어컨,grp-a001-01-000000054523197,03. 지역K,nkw-a001-01-000007487544448,도봉시스템에어컨,,,3000,on
1596292,cmp-a001-01-000000009270595,파워_시스템에어컨,grp-a001-01-000000054523197,03. 지역K,nkw-a001-01-000007487546577,거제시스템에어컨,,,3000,on
1596292,cmp-a001-01-000000009270595,파워_시스템에어컨,grp-a001-01-000000054523197,03. 지역K,nkw-a001-01-000007487546090,장흥시스템에어컨,,,70,on
1596292,cmp-a001-01-000000009270595,파워_시스템에어컨,grp-a001-01-000000054523197,03. 지역K,nkw-a001-01-000007487545868,화천시스템에어컨,,,70,on
1596292,cmp-a001-01-000000009270595,파워_시스템에어컨,grp-a001-01-000000054523197,03. 지역K,nkw-a001-01-000007487546005,진천시스템에어컨,,,3000,on
1596292,cmp-a001-01-000000009270595,파워_시스템에어컨,grp-a001-01-000000054523197,03. 지역K,nkw-a001-01-000007487546315,고령시스템에어컨,,,70,on
1596292,cmp-a001-01-000000009270595,파워_시스템에어컨,grp-a001-01-000000054523197,03. 지역K,nkw-a001-01-000007487544559,의정부시스템에어컨,,,3000,on
1596292,cmp-a001-01-000000009270595,파워_시스템에어컨,grp-a001-01-000000054523197,03. 지역K,nkw-a001-01-000007487544536,고양시스템에어컨,,,3000,on
1596292,cmp-a001-01-000000009270595,파워_시스템에어컨,grp-a001-01-000000054523197,03. 지역K,nkw-a001-01-000007487546571,마산시스템에어컨,,,2290,on
1596292,cmp-a001-01-000000009270595,파워_시스템에어컨,grp-a001-01-000000054523197,03. 지역K,nkw-a001-01-000007487544545,김포시스템에어컨,,,3000,on
1596292,cmp-a001-01-000000009270595,파워_시스템에어컨,grp-a001-01-000000054523197,03. 지역K,nkw-a001-01-000007487545867,한림시스템에어컨,,,70,on
1596292,cmp-a001-01-000000009270595,파워_시스템에어컨,grp-a001-01-000000054523197,03. 지역K,nkw-a001-01-000007487546064,진안시스템에어컨,,,70,on
1596292,cmp-a001-01-000000009270595,파워_시스템에어컨,grp-a001-01-000000054523197,03. 지역K,nkw-a001-01-000007487546061,남원시스템에어컨,,,70,on
1596292,cmp-a001-01-000000009270595,파워_시스템에어컨,grp-a001-01-000000054523197,03. 지역K,nkw-a001-01-000007487546309,영천시스템에어컨,,,70,on
1596292,cmp-a001-01-000000009270595,파워_시스템에어컨,grp-a001-01-000000054523197,03. 지역K,nkw-a001-01-000007487544537,용인시스템에어컨,,,3000,on
1596292,cmp-a001-01-000000009270595,파워_시스템에어컨,grp-a001-01-000000054523197,03. 지역K,nkw-a001-01-000007487546046,금산시스템에어컨,,,70,on
1596292,cmp-a001-01-000000009270595,파워_시스템에어컨,grp-a001-01-000000054523197,03. 지역K,nkw-a001-01-000007487544452,마포시스템에어컨,,,3000,on
1596292,cmp-a001-01-000000009270595,파워_시스템에어컨,grp-a001-01-000000054523197,03. 지역K,nkw-a001-01-000007487545866,영월시스템에어컨,,,70,on
1596292,cmp-a001-01-000000009270595,파워_시스템에어컨,grp-a001-01-000000054523197,03. 지역K,nkw-a001-01-000007487544546,광명시스템에어컨,,,3000,on
1596292,cmp-a001-01-000000009270595,파워_시스템에어컨,grp-a001-01-000000054523197,03. 지역K,nkw-a001-01-000007487546063,완주시스템에어컨,,,70,on
1596292,cmp-a001-01-000000009270595,파워_시스템에어컨,grp-a001-01-000000054523197,03. 지역K,nkw-a001-01-000007487546310,상주시스템에어컨,,,70,on
1596292,cmp-a001-01-000000009270595,파워_시스템에어컨,grp-a001-01-000000054523197,03. 지역K,nkw-a001-01-000007487546067,임실시스템에어컨,,,70,on
1596292,cmp-a001-01-000000009270595,파워_시스템에어컨,grp-a001-01-000000054523197,03. 지역K,nkw-a001-01-000007487546568,창원시스템에어컨,,,3000,on
1596292,cmp-a001-01-000000009270595,파워_시스템에어컨,grp-a001-01-000000054523197,03. 지역K,nkw-a001-01-000007487545857,원주시스템에어컨,,,3000,on
1596292,cmp-a001-01-000000009270595,파워_시스템에어컨,grp-a001-01-000000054523197,03. 지역K,nkw-a001-01-000007487546002,보은시스템에어컨,,,70,on
1596292,cmp-a001-01-000000009270595,파워_시스템에어컨,grp-a001-01-000000054523197,03. 지역K,nkw-a001-01-000007487546089,완도시스템에어컨,,,90,on
1596292,cmp-a001-01-000000009270595,파워_시스템에어컨,grp-a001-01-000000054523197,03. 지역K,nkw-a001-01-000007487546319,영덕시스템에어컨,,,70,on
1596292,cmp-a001-01-000000009270595,파워_시스템에어컨,grp-a001-01-000000054523197,03. 지역K,nkw-a001-01-000007487544557,광주시스템에어컨,,,3000,on
1596292,cmp-a001-01-000000009270595,파워_시스템에어컨,grp-a001-01-000000054523197,03. 지역K,nkw-a001-01-000007487544555,포천시스템에어컨,,,3000,on
1596292,cmp-a001-01-000000009270595,파워_시스템에어컨,grp-a001-01-000000054523197,03. 지역K,nkw-a001-01-000007487546575,밀양시스템에어컨,,,3000,on
1596292,cmp-a001-01-000000009270595,파워_시스템에어컨,grp-a001-01-000000054523197,03. 지역K,nkw-a001-01-000007487546080,목포시스템에어컨,,,3000,on
1596292,cmp-a001-01-000000009270595,파워_시스템에어컨,grp-a001-01-000000054523197,03. 지역K,nkw-a001-01-000007489534071,반포시스템에어컨,,,70,on
1596292,cmp-a001-01-000000009270595,파워_시스템에어컨,grp-a001-01-000000054523197,03. 지역K,nkw-a001-01-000007487544447,강북시스템에어컨,,,2690,on
1596292,cmp-a001-01-000000009270595,파워_시스템에어컨,grp-a001-01-000000054523197,03. 지역K,nkw-a001-01-000007487546066,장수시스템에어컨,,,70,on
1596292,cmp-a001-01-000000009270595,파워_시스템에어컨,grp-a001-01-000000054523197,03. 지역K,nkw-a001-01-000007487546602,서귀포시스템에어컨,,,70,on
1596292,cmp-a001-01-000000009270595,파워_시스템에어컨,grp-a001-01-000000054523197,03. 지역K,nkw-a001-01-000007487544464,인천시스템에어컨,,,3000,on
1596292,cmp-a001-01-000000009270595,파워_시스템에어컨,grp-a001-01-000000054523197,03. 지역K,nkw-a001-01-000007487546587,산청시스템에어컨,,,70,on
1596292,cmp-a001-01-000000009270595,파워_시스템에어컨,grp-a001-01-000000054523197,03. 지역K,nkw-a001-01-000007487546043,서산시스템에어컨,,,3000,on
1596292,cmp-a001-01-000000009270595,파워_시스템에어컨,grp-a001-01-000000054523197,03. 지역K,nkw-a001-01-000007487546091,고흥시스템에어컨,,,70,on
1596292,cmp-a001-01-000000009270595,파워_시스템에어컨,grp-a001-01-000000054523197,03. 지역K,nkw-a001-01-000007487544459,관악시스템에어컨,,,70,on
1596292,cmp-a001-01-000000009270595,파워_시스템에어컨,grp-a001-01-000000054523197,03. 지역K,nkw-a001-01-000007487546053,부여시스템에어컨,,,70,on
1596292,cmp-a001-01-000000009270595,파워_시스템에어컨,grp-a001-01-000000054523197,03. 지역K,nkw-a001-01-000007487546584,하동시스템에어컨,,,70,on
1596292,cmp-a001-01-000000009270595,파워_시스템에어컨,grp-a001-01-000000054523197,03. 지역K,nkw-a001-01-000007487546044,논산시스템에어컨,,,70,on
1596292,cmp-a001-01-000000009270595,파워_시스템에어컨,grp-a001-01-000000054523197,03. 지역K,nkw-a001-01-000007487546004,음성시스템에어컨,,,70,on
1596292,cmp-a001-01-000000009270595,파워_시스템에어컨,grp-a001-01-000000054523197,03. 지역K,nkw-a001-01-000007487544445,중랑시스템에어컨,,,70,on
1596292,cmp-a001-01-000000009270595,파워_시스템에어컨,grp-a001-01-000000054523197,03. 지역K,nkw-a001-01-000007487544558,안양시스템에어컨,,,3000,on
1596292,cmp-a001-01-000000009270595,파워_시스템에어컨,grp-a001-01-000000054523197,03. 지역K,nkw-a001-01-000007487544441,성동시스템에어컨,,,70,on
1596292,cmp-a001-01-000000009270595,파워_시스템에어컨,grp-a001-01-000000054523197,03. 지역K,nkw-a001-01-000007487546062,김제시스템에어컨,,,70,on
1596292,cmp-a001-01-000000009270595,파워_시스템에어컨,grp-a001-01-000000054523197,03. 지역K,nkw-a001-01-000007487546087,신안시스템에어컨,,,70,on
1596292,cmp-a001-01-000000009270595,파워_시스템에어컨,grp-a001-01-000000054523197,03. 지역K,nkw-a001-01-000007487544542,남양주시스템에어컨,,,3000,on
1596292,cmp-a001-01-000000009270595,파워_시스템에어컨,grp-a001-01-000000054523197,03. 지역K,nkw-a001-01-000007487545865,횡성시스템에어컨,,,2060,on
1596292,cmp-a001-01-000000009270595,파워_시스템에어컨,grp-a001-01-000000054523197,03. 지역K,nkw-a001-01-000007487546059,익산시스템에어컨,,,3000,on
1596292,cmp-a001-01-000000009270595,파워_시스템에어컨,grp-a001-01-000000054523197,03. 지역K,nkw-a001-01-000007487544534,수원시스템에어컨,,,3000,on
1596292,cmp-a001-01-000000009270595,파워_시스템에어컨,grp-a001-01-000000054523197,03. 지역K,nkw-a001-01-000007487546306,안동시스템에어컨,,,3000,on
1596292,cmp-a001-01-000000009270595,파워_시스템에어컨,grp-a001-01-000000054523197,03. 지역K,nkw-a001-01-000007487544457,영등포시스템에어컨,,,70,on
1596292,cmp-a001-01-000000009270595,파워_시스템에어컨,grp-a001-01-000000054523197,03. 지역K,nkw-a001-01-000007487544540,화성시스템에어컨,,,3000,on
1596292,cmp-a001-01-000000009270595,파워_시스템에어컨,grp-a001-01-000000054523197,03. 지역K,nkw-a001-01-000007487545869,양양시스템에어컨,,,70,on
1596292,cmp-a001-01-000000009270595,파워_시스템에어컨,grp-a001-01-000000054523197,03. 지역K,nkw-a001-01-000007487545859,동해시스템에어컨,,,3000,on
1596292,cmp-a001-01-000000009270595,파워_시스템에어컨,grp-a001-01-000000054523197,03. 지역K,nkw-a001-01-000007487545862,정선시스템에어컨,,,70,on
1596292,cmp-a001-01-000000009270595,파워_시스템에어컨,grp-a001-01-000000054523197,03. 지역K,nkw-a001-01-000007487546070,부안시스템에어컨,,,70,on
1596292,cmp-a001-01-000000009270595,파워_시스템에어컨,grp-a001-01-000000054523197,03. 지역K,nkw-a001-01-000007487546590,울산시스템에어컨,,,3000,on
1596292,cmp-a001-01-000000009270595,파워_시스템에어컨,grp-a001-01-000000054523197,03. 지역K,nkw-a001-01-000007487546318,군위시스템에어컨,,,70,on
1596292,cmp-a001-01-000000009270595,파워_시스템에어컨,grp-a001-01-000000054523197,03. 지역K,nkw-a001-01-000007487544561,과천시스템에어컨,,,70,on
1596292,cmp-a001-01-000000009270595,파워_시스템에어컨,grp-a001-01-000000054523197,03. 지역K,nkw-a001-01-000007487546000,충주시스템에어컨,,,2540,on
1596292,cmp-a001-01-000000009270595,파워_시스템에어컨,grp-a001-01-000000054523197,03. 지역K,nkw-a001-01-000007487546069,고창시스템에어컨,,,70,on
1596292,cmp-a001-01-000000009270595,파워_시스템에어컨,grp-a001-01-000000054523197,03. 지역K,nkw-a001-01-000007487546092,보성시스템에어컨,,,70,on
1596292,cmp-a001-01-000000009270595,파워_시스템에어컨,grp-a001-01-000000054523197,03. 지역K,nkw-a001-01-000007487544463,강동시스템에어컨,,,3000,on
1596292,cmp-a001-01-000000009270595,파워_시스템에어컨,grp-a001-01-000000054523197,03. 지역K,nkw-a001-01-000007487544439,중구시스템에어컨,,,70,on
1596292,cmp-a001-01-000000009270595,파워_시스템에어컨,grp-a001-01-000000054523197,03. 지역K,nkw-a001-01-000007487544535,성남시스템에어컨,,,3000,on
1596292,cmp-a001-01-000000009270595,파워_시스템에어컨,grp-a001-01-000000054523197,03. 지역K,nkw-a001-01-000007487544547,오산시스템에어컨,,,3000,on
1596292,cmp-a001-01-000000009270595,파워_시스템에어컨,grp-a001-01-000000054523197,03. 지역K,nkw-a001-01-000007487544553,파주시스템에어컨,,,3000,on
1596292,cmp-a001-01-000000009270595,파워_시스템에어컨,grp-a001-01-000000054523197,03. 지역K,nkw-a001-01-000007487544443,광진시스템에어컨,,,70,on
1596292,cmp-a001-01-000000009270595,파워_시스템에어컨,grp-a001-01-000000054523197,03. 지역K,nkw-a001-01-000007487544446,성북시스템에어컨,,,70,on
1596292,cmp-a001-01-000000009270595,파워_시스템에어컨,grp-a001-01-000000054523197,03. 지역K,nkw-a001-01-000007487544458,동작시스템에어컨,,,70,on
1596292,cmp-a001-01-000000009270595,파워_시스템에어컨,grp-a001-01-000000054523197,03. 지역K,nkw-a001-01-000007487546314,청송시스템에어컨,,,70,on
1596292,cmp-a001-01-000000009270595,파워_시스템에어컨,grp-a001-01-000000054523197,03. 지역K,nkw-a001-01-000007487546583,양산시스템에어컨,,,3000,on
1596292,cmp-a001-01-000000009270595,파워_시스템에어컨,grp-a001-01-000000054523197,03. 지역K,nkw-a001-01-000007487546085,강진시스템에어컨,,,70,on
1596292,cmp-a001-01-000000009270595,파워_시스템에어컨,grp-a001-01-000000054523197,03. 지역K,nkw-a001-01-000007487544549,의왕시스템에어컨,,,3000,on
1596292,cmp-a001-01-000000009270595,파워_시스템에어컨,grp-a001-01-000000054523197,03. 지역K,nkw-a001-01-000007487545861,태백시스템에어컨,,,1130,on
1596292,cmp-a001-01-000000009270595,파워_시스템에어컨,grp-a001-01-000000054523197,03. 지역K,nkw-a001-01-000007487546045,당진시스템에어컨,,,3000,on
1596292,cmp-a001-01-000000009270595,파워_시스템에어컨,grp-a001-01-000000054523197,03. 지역K,nkw-a001-01-000007487544539,안산시스템에어컨,,,3000,on
1596292,cmp-a001-01-000000009270595,파워_시스템에어컨,grp-a001-01-000000054523197,03. 지역K,nkw-a001-01-000007487546007,단양시스템에어컨,,,70,on
1596292,cmp-a001-01-000000009270595,파워_시스템에어컨,grp-a001-01-000000054523197,03. 지역K,nkw-a001-01-000007487546052,예산시스템에어컨,,,70,on
1596292,cmp-a001-01-000000009270595,파워_시스템에어컨,grp-a001-01-000000054523197,03. 지역K,nkw-a001-01-000007487544465,서울시스템에어컨,,,3000,on
1596292,cmp-a001-01-000000009270595,파워_시스템에어컨,grp-a001-01-000000054523197,03. 지역K,nkw-a001-01-000007487546068,순창시스템에어컨,,,70,on
1596292,cmp-a001-01-000000009270595,파워_시스템에어컨,grp-a001-01-000000054523197,03. 지역K,nkw-a001-01-000007487546317,칠곡시스템에어컨,,,70,on
1596292,cmp-a001-01-000000009270595,파워_시스템에어컨,grp-a001-01-000000054523197,03. 지역K,nkw-a001-01-000007487546579,함안시스템에어컨,,,70,on
1596292,cmp-a001-01-000000009270595,파워_시스템에어컨,grp-a001-01-000000054523197,03. 지역K,nkw-a001-01-000007487544454,강서시스템에어컨,,,70,on
1596292,cmp-a001-01-000000009270595,파워_시스템에어컨,grp-a001-01-000000054523197,03. 지역K,nkw-a001-01-000007487544548,군포시스템에어컨,,,3000,on
1596292,cmp-a001-01-000000009270595,파워_시스템에어컨,grp-a001-01-000000054523197,03. 지역K,nkw-a001-01-000007487546585,남해시스템에어컨,,,70,on
1596292,cmp-a001-01-000000009270595,파워_시스템에어컨,grp-a001-01-000000054523197,03. 지역K,nkw-a001-01-000007487546048,태안시스템에어컨,,,70,on
1596292,cmp-a001-01-000000009270595,파워_시스템에어컨,grp-a001-01-000000054523197,03. 지역K,nkw-a001-01-000007487544556,구리시스템에어컨,,,3000,on
1596292,cmp-a001-01-000000009270595,파워_시스템에어컨,grp-a001-01-000000054523197,03. 지역K,nkw-a001-01-000007487546316,성주시스템에어컨,,,70,on
1596292,cmp-a001-01-000000009270595,파워_시스템에어컨,grp-a001-01-000000054523197,03. 지역K,nkw-a001-01-000007487546581,합천시스템에어컨,,,3000,on
1596292,cmp-a001-01-000000009270595,파워_시스템에어컨,grp-a001-01-000000054523197,03. 지역K,nkw-a001-01-000007487544551,이천시스템에어컨,,,3000,on
1596292,cmp-a001-01-000000009270595,파워_시스템에어컨,grp-a001-01-000000054523197,03. 지역K,nkw-a001-01-000007487546308,영주시스템에어컨,,,3000,on
1596292,cmp-a001-01-000000009270595,파워_시스템에어컨,grp-a001-01-000000054523197,03. 지역K,nkw-a001-01-000007487544440,용산시스템에어컨,,,3000,on
1596292,cmp-a001-01-000000009270595,파워_시스템에어컨,grp-a001-01-000000054523197,03. 지역K,nkw-a001-01-000007487544451,서대문시스템에어컨,,,70,on
1596292,cmp-a001-01-000000009270595,파워_시스템에어컨,grp-a001-01-000000054523197,03. 지역K,nkw-a001-01-000007487546572,통영시스템에어컨,,,70,on
1596292,cmp-a001-01-000000009270595,파워_시스템에어컨,grp-a001-01-000000054523197,03. 지역K,nkw-a001-01-000007487544455,구로시스템에어컨,,,70,on
1596292,cmp-a001-01-000000009270595,파워_시스템에어컨,grp-a001-01-000000054523197,03. 지역K,nkw-a001-01-000007487544544,안성시스템에어컨,,,3000,on
1596292,cmp-a001-01-000000009270595,파워_시스템에어컨,grp-a001-01-000000054523197,03. 지역K,nkw-a001-01-000007487546578,사천시스템에어컨,,,2970,on
1596292,cmp-a001-01-000000009270595,파워_시스템에어컨,grp-a001-01-000000054523197,03. 지역K,nkw-a001-01-000007487545870,고성시스템에어컨,,,70,on
1596292,cmp-a001-01-000000009270595,파워_시스템에어컨,grp-a001-01-000000054523197,03. 지역K,nkw-a001-01-000007487546307,김천시스템에어컨,,,3000,on
1596292,cmp-a001-01-000000009270595,파워_시스템에어컨,grp-a001-01-000000054523197,03. 지역K,nkw-a001-01-000007487546569,진주시스템에어컨,,,2970,on
1596292,cmp-a001-01-000000009270595,파워_시스템에어컨,grp-a001-01-000000054523197,03. 지역K,nkw-a001-01-000007487544460,서초시스템에어컨,,,70,on
1596292,cmp-a001-01-000000009270595,파워_시스템에어컨,grp-a001-01-000000054523197,03. 지역K,nkw-a001-01-000007487546001,제천시스템에어컨,,,1900,on
1596292,cmp-a001-01-000000009270595,파워_시스템에어컨,grp-a001-01-000000054523197,03. 지역K,nkw-a001-01-000007487544543,시흥시스템에어컨,,,3000,on
1596292,cmp-a001-01-000000009270595,파워_시스템에어컨,grp-a001-01-000000054523197,03. 지역K,nkw-a001-01-000007487544550,하남시스템에어컨,,,3000,on
1596292,cmp-a001-01-000000009270595,파워_시스템에어컨,grp-a001-01-000000054523197,03. 지역K,nkw-a001-01-000007487545999,청주시스템에어컨,,,3000,on
1596292,cmp-a001-01-000000009270595,파워_시스템에어컨,grp-a001-01-000000054523197,03. 지역K,nkw-a001-01-000007487544461,강남시스템에어컨,,,3000,on
1596292,cmp-a001-01-000000009270595,파워_시스템에어컨,grp-a001-01-000000054523197,03. 지역K,nkw-a001-01-000007487546082,담양시스템에어컨,,,70,on
1596292,cmp-a001-01-000000009270595,파워_시스템에어컨,grp-a001-01-000000054523197,03. 지역K,nkw-a001-01-000007487544538,부천시스템에어컨,,,3000,on
1596292,cmp-a001-01-000000009583050,파워_청소기,grp-a001-01-000000052235430,03. VC33M4142L4,nkw-a001-01-000007318438995,진공청소기,,,3200,on
1596292,cmp-a001-01-000000009583050,파워_청소기,grp-a001-01-000000052235430,03. VC33M4142L4,nkw-a001-01-000007318324054,VC33M4142L4,,,350,on
1596292,cmp-a001-01-000000009583050,파워_청소기,grp-a001-01-000000052235430,03. VC33M4142L4,nkw-a001-01-000007318438991,파워모션4100,,,270,on
1596292,cmp-a001-01-000000009583050,파워_청소기,grp-a001-01-000000052235430,03. VC33M4142L4,nkw-a001-01-000007318438993,삼성진공청소기,,,1010,on
1596292,cmp-a001-01-000000009583050,파워_청소기,grp-a001-01-000000052235430,03. VC33M4142L4,nkw-a001-01-000007318368316,삼성유선청소기,,,700,on
1596292,cmp-a001-01-000000009583050,파워_청소기,grp-a001-01-000000052235430,03. VC33M4142L4,nkw-a001-01-000007318368313,유선청소기,,,770,on
1596292,cmp-a001-01-000000009583050,파워_청소기,grp-a001-01-000000052235430,03. VC33M4142L4,nkw-a001-01-000007318438996,삼성파워모션,,,720,on
1596292,cmp-a001-01-000000009270595,파워_시스템에어컨,grp-a001-01-000000049394698,01. 시스템에어컨K,nkw-a001-01-000007487565408,시스템에어컨견적,,,8270,on
1596292,cmp-a001-01-000000009270595,파워_시스템에어컨,grp-a001-01-000000049394698,01. 시스템에어컨K,nkw-a001-01-000007456955080,시스템에어컨,,,6400,on
1596292,cmp-a001-01-000000009270595,파워_시스템에어컨,grp-a001-01-000000049394698,01. 시스템에어컨K,nkw-a001-01-000007489464263,아파트시스템에어컨,,,5080,on
1596292,cmp-a001-01-000000009270595,파워_시스템에어컨,grp-a001-01-000000049394698,01. 시스템에어컨K,nkw-a001-01-000007487565405,시스템에어컨가격,,,6210,on
1596292,cmp-a001-01-000000009270595,파워_시스템에어컨,grp-a001-01-000000049394698,01. 시스템에어컨K,nkw-a001-01-000007487565406,시스템에어컨비용,,,5850,on
1596292,cmp-a001-01-000000009270595,파워_시스템에어컨,grp-a001-01-000000049394698,01. 시스템에어컨K,nkw-a001-01-000007032795854,삼성무풍시스템에어컨,,,2980,on
1596292,cmp-a001-01-000000009270595,파워_시스템에어컨,grp-a001-01-000000049394698,01. 시스템에어컨K,nkw-a001-01-000007487565407,시스템에어컨설치,,,9850,on
1596292,cmp-a001-01-000000009270595,파워_시스템에어컨,grp-a001-01-000000049394698,01. 시스템에어컨K,nkw-a001-01-000007031907234,삼성시스템에어컨,,,5120,on
1596292,cmp-a001-01-000000009270603,파워_공식몰,grp-a001-01-000000049393394,01. 자사K,nkw-a001-01-000007031726641,보보,,,2220,on
1596292,cmp-a001-01-000000009270603,파워_공식몰,grp-a001-01-000000049393394,01. 자사K,nkw-a001-01-000007031710765,주식회사보보,,,430,on
1596292,cmp-a001-01-000000009270603,파워_공식몰,grp-a001-01-000000049393394,01. 자사K,nkw-a001-01-000007031710767,(주)보보,,,110,on
1596292,cmp-a001-01-000000009270603,파워_공식몰,grp-a001-01-000000049393394,01. 자사K,nkw-a001-01-000007031710766,삼성전자보보,,,490,on
1596292,cmp-a001-01-000000009270603,파워_공식몰,grp-a001-01-000000049393394,01. 자사K,nkw-a001-01-000007031726747,보보삼성,,,70,on
1596292,cmp-a001-01-000000009270603,파워_공식몰,grp-a001-01-000000049393394,01. 자사K,nkw-a001-01-000007031710768,삼성공식보보,,,70,on
1596292,cmp-a001-01-000000009270603,파워_공식몰,grp-a001-01-000000049393394,01. 자사K,nkw-a001-01-000007031726847,삼성파트너보보,,,70,on
1596292,cmp-a001-01-000000009270603,파워_공식몰,grp-a001-01-000000049393394,01. 자사K,nkw-a001-01-000007031726748,보보삼성파트너,,,70,on
1596292,cmp-a001-01-000000009270603,파워_공식몰,grp-a001-01-000000049393394,01. 자사K,nkw-a001-01-000007031710764,삼성보보,,,450,on
1596292,cmp-a001-01-000000009270603,파워_공식몰,grp-a001-01-000000049393394,01. 자사K,nkw-a001-01-000007031710769,삼성공식파트너보보,,,70,on
1596292,cmp-a001-01-000000009270603,파워_공식몰,grp-a001-01-000000049393394,01. 자사K,nkw-a001-01-000007031726765,보보삼성전자,,,70,on
1596292,cmp-a001-01-000000009270595,파워_시스템에어컨,grp-a001-01-000000054621561,07. 시스템에어컨 4대,nkw-a001-01-000007494849215,시스템에어컨4대,,,3010,on
1596292,cmp-a001-01-000000009270595,파워_시스템에어컨,grp-a001-01-000000054621561,07. 시스템에어컨 4대,nkw-a001-01-000007494849216,삼성시스템에어컨4대,,,670,on
1596292,cmp-a001-01-000000009583050,파워_청소기,grp-a001-01-000000052234097,01. VR7MD96516G,nkw-a001-01-000007825880605,삼성직배수청소기,,,500,on
1596292,cmp-a001-01-000000009583050,파워_청소기,grp-a001-01-000000052234097,01. VR7MD96516G,nkw-a001-01-000007825880615,삼성로봇청소기2026,,,70,on
1596292,cmp-a001-01-000000009583050,파워_청소기,grp-a001-01-000000052234097,01. VR7MD96516G,nkw-a001-01-000007825880617,CES2026삼성로봇청소기,,,500,on
1596292,cmp-a001-01-000000009583050,파워_청소기,grp-a001-01-000000052234097,01. VR7MD96516G,nkw-a001-01-000007825880611,삼성로봇청소기스팀,,,70,on
1596292,cmp-a001-01-000000009583050,파워_청소기,grp-a001-01-000000052234097,01. VR7MD96516G,nkw-a001-01-000007825880600,로봇청소기추천,,,70,on
1596292,cmp-a001-01-000000009583050,파워_청소기,grp-a001-01-000000052234097,01. VR7MD96516G,nkw-a001-01-000007825880595,삼성전자로봇청소기추천,,,500,on
1596292,cmp-a001-01-000000009583050,파워_청소기,grp-a001-01-000000052234097,01. VR7MD96516G,nkw-a001-01-000007318449518,삼성전자무선청소기,,,680,off
1596292,cmp-a001-01-000000009583050,파워_청소기,grp-a001-01-000000052234097,01. VR7MD96516G,nkw-a001-01-000007825880596,비스포크스팀VR7MD96516G,,,70,on
1596292,cmp-a001-01-000000009583050,파워_청소기,grp-a001-01-000000052234097,01. VR7MD96516G,nkw-a001-01-000007825880612,삼성비스포크9600,,,500,on
1596292,cmp-a001-01-000000009583050,파워_청소기,grp-a001-01-000000052234097,01. VR7MD96516G,nkw-a001-01-000007318335470,삼성로봇청소기,,,250,on
1596292,cmp-a001-01-000000009583050,파워_청소기,grp-a001-01-000000052234097,01. VR7MD96516G,nkw-a001-01-000007825880613,로봇물걸레청소기,,,500,on
1596292,cmp-a001-01-000000009583050,파워_청소기,grp-a001-01-000000052234097,01. VR7MD96516G,nkw-a001-01-000007318335466,로봇청소기,,,500,on
1596292,cmp-a001-01-000000009583050,파워_청소기,grp-a001-01-000000052234097,01. VR7MD96516G,nkw-a001-01-000007825880616,삼성AI로봇청소기,,,70,on
1596292,cmp-a001-01-000000009583050,파워_청소기,grp-a001-01-000000052234097,01. VR7MD96516G,nkw-a001-01-000007825880614,로봇청소기스팀,,,70,on
1596292,cmp-a001-01-000000009583050,파워_청소기,grp-a001-01-000000052234097,01. VR7MD96516G,nkw-a001-01-000007825880607,삼성비스포크습식로봇청소기,,,500,on
1596292,cmp-a001-01-000000009583050,파워_청소기,grp-a001-01-000000052234097,01. VR7MD96516G,nkw-a001-01-000007825880599,스팀로봇청소기,,,500,on
1596292,cmp-a001-01-000000009583050,파워_청소기,grp-a001-01-000000052234097,01. VR7MD96516G,nkw-a001-01-000007825880598,삼성로봇청소기코스트코,,,500,on
1596292,cmp-a001-01-000000009583050,파워_청소기,grp-a001-01-000000052234097,01. VR7MD96516G,nkw-a001-01-000007825880610,물걸레로봇청소기,,,70,on
1596292,cmp-a001-01-000000009583050,파워_청소기,grp-a001-01-000000052234097,01. VR7MD96516G,nkw-a001-01-000007825880604,삼성로봇청소기출시,,,70,on
1596292,cmp-a001-01-000000009583050,파워_청소기,grp-a001-01-000000052234097,01. VR7MD96516G,nkw-a001-01-000007318317556,VR7MD96516G,,,850,on
1596292,cmp-a001-01-000000009583050,파워_청소기,grp-a001-01-000000052234097,01. VR7MD96516G,nkw-a001-01-000007825880594,삼성비스포크로봇청소기9600,,,500,on
1596292,cmp-a001-01-000000009583050,파워_청소기,grp-a001-01-000000052234097,01. VR7MD96516G,nkw-a001-01-000007825880608,삼성AI로봇청소기비교,,,70,on
1596292,cmp-a001-01-000000009583050,파워_청소기,grp-a001-01-000000052234097,01. VR7MD96516G,nkw-a001-01-000007825880602,삼성로봇청소기가격,,,70,on
1596292,cmp-a001-01-000000009583050,파워_청소기,grp-a001-01-000000052234097,01. VR7MD96516G,nkw-a001-01-000007318449519,삼성스팀로봇청소기,,,430,on
1596292,cmp-a001-01-000000009583050,파워_청소기,grp-a001-01-000000052234097,01. VR7MD96516G,nkw-a001-01-000007825880597,로봇청소기AI,,,500,on
1596292,cmp-a001-01-000000009583050,파워_청소기,grp-a001-01-000000052234097,01. VR7MD96516G,nkw-a001-01-000007825880609,삼성로봇청소기올인원,,,70,on
1596292,cmp-a001-01-000000009583050,파워_청소기,grp-a001-01-000000052234097,01. VR7MD96516G,nkw-a001-01-000007825880593,삼성VR7MD96516G,,,70,on
1596292,cmp-a001-01-000000009583050,파워_청소기,grp-a001-01-000000052234097,01. VR7MD96516G,nkw-a001-01-000007825880603,삼성로봇청소기추천,,,70,on
1596292,cmp-a001-01-000000009583050,파워_청소기,grp-a001-01-000000052234097,01. VR7MD96516G,nkw-a001-01-000007825880601,삼성로봇청소기청소,,,70,on
1596292,cmp-a001-01-000000009583050,파워_청소기,grp-a001-01-000000052234097,01. VR7MD96516G,nkw-a001-01-000007825880606,삼성비스포크스팀VR7MD96516G,,,500,on
1596292,cmp-a001-01-000000009303960,파워_신제품,grp-a001-01-000000049592616,01. 공기청정기,nkw-a001-01-000007066210378,삼성블루스카이,,,1090,on
1596292,cmp-a001-01-000000009303960,파워_신제품,grp-a001-01-000000049592616,01. 공기청정기,nkw-a001-01-000007066210375,공기청정기삼성,,,860,on
1596292,cmp-a001-01-000000009303960,파워_신제품,grp-a001-01-000000049592616,01. 공기청정기,nkw-a001-01-000007075980808,AP70F03102RVD,,,570,on
1596292,cmp-a001-01-000000009303960,파워_신제품,grp-a001-01-000000049592616,01. 공기청정기,nkw-a001-01-000007066210369,삼성전자공기청정기,,,880,on
1596292,cmp-a001-01-000000009303960,파워_신제품,grp-a001-01-000000049592616,01. 공기청정기,nkw-a001-01-000007075980809,블루스카이3100,,,750,on
1596292,cmp-a001-01-000000009303960,파워_신제품,grp-a001-01-000000049592616,01. 공기청정기,nkw-a001-01-000007066210370,공기청정기,,,1200,off
1596292,cmp-a001-01-000000009303960,파워_신제품,grp-a001-01-000000049592616,01. 공기청정기,nkw-a001-01-000007066210373,삼성블루스카이공기청정기,,,640,on
1596292,cmp-a001-01-000000009303960,파워_신제품,grp-a001-01-000000049592616,01. 공기청정기,nkw-a001-01-000007978756511,제습기,,,70,on
1596292,cmp-a001-01-000000009303960,파워_신제품,grp-a001-01-000000049592616,01. 공기청정기,nkw-a001-01-000007075980810,삼성3100,,,70,on
1596292,cmp-a001-01-000000009303960,파워_신제품,grp-a001-01-000000049592616,01. 공기청정기,nkw-a001-01-000007075980811,삼성블루스카이3100,,,640,on
1596292,cmp-a001-01-000000009303960,파워_신제품,grp-a001-01-000000049592616,01. 공기청정기,nkw-a001-01-000007066210368,삼성공기청정기,,,1200,on
1596292,cmp-a001-01-000000009303960,파워_신제품,grp-a001-01-000000049592616,01. 공기청정기,nkw-a001-01-000007066210376,삼성공기청정기블루스카이,,,1020,on
1596292,cmp-a001-01-000000009303960,파워_신제품,grp-a001-01-000000049592616,01. 공기청정기,nkw-a001-01-000007066210372,삼성전자블루스카이,,,630,on
1596292,cmp-a001-01-000000009583050,파워_청소기,grp-a001-01-000000063355695,VR80F01SDG,nkw-a001-01-000007947403005,비스포크,,,2360,on
1596292,cmp-a001-01-000000009583050,파워_청소기,grp-a001-01-000000063355695,VR80F01SDG,nkw-a001-01-000007947403009,26년비스포크스팀,,,70,on
1596292,cmp-a001-01-000000009583050,파워_청소기,grp-a001-01-000000063355695,VR80F01SDG,nkw-a001-01-000007947403001,비스포크AI스팀플러스,,,450,on
1596292,cmp-a001-01-000000009583050,파워_청소기,grp-a001-01-000000063355695,VR80F01SDG,nkw-a001-01-000007947403008,26년형삼성로봇청소기,,,3480,on
1596292,cmp-a001-01-000000009583050,파워_청소기,grp-a001-01-000000063355695,VR80F01SDG,nkw-a001-01-000007947403007,26년삼성로봇청소기,,,420,on
1596292,cmp-a001-01-000000009583050,파워_청소기,grp-a001-01-000000063355695,VR80F01SDG,nkw-a001-01-000007947402999,삼성비스포크AI스팀,,,2060,on
1596292,cmp-a001-01-000000009583050,파워_청소기,grp-a001-01-000000063355695,VR80F01SDG,nkw-a001-01-000007947403014,삼성전자로봇청소기,,,1960,on
1596292,cmp-a001-01-000000009583050,파워_청소기,grp-a001-01-000000063355695,VR80F01SDG,nkw-a001-01-000007947403013,비스포크AI,,,500,on
1596292,cmp-a001-01-000000009583050,파워_청소기,grp-a001-01-000000063355695,VR80F01SDG,nkw-a001-01-000007947402997,삼성로봇청소기,,,680,on
1596292,cmp-a001-01-000000009583050,파워_청소기,grp-a001-01-000000063355695,VR80F01SDG,nkw-a001-01-000007947403011,비스포크스팀,,,1620,on
1596292,cmp-a001-01-000000009583050,파워_청소기,grp-a001-01-000000063355695,VR80F01SDG,nkw-a001-01-000007947403010,26년형비스포크스팀AI,,,70,on
1596292,cmp-a001-01-000000009583050,파워_청소기,grp-a001-01-000000063355695,VR80F01SDG,nkw-a001-01-000007947403003,비스포크로봇청소기,,,4370,on
1596292,cmp-a001-01-000000009583050,파워_청소기,grp-a001-01-000000063355695,VR80F01SDG,nkw-a001-01-000007947403000,비스포크AI스팀,,,1460,on
1596292,cmp-a001-01-000000009583050,파워_청소기,grp-a001-01-000000063355695,VR80F01SDG,nkw-a001-01-000007947403002,비스포크AI스팀+,,,70,on
1596292,cmp-a001-01-000000009583050,파워_청소기,grp-a001-01-000000063355695,VR80F01SDG,nkw-a001-01-000007947403004,삼성비스포크,,,3160,on
1596292,cmp-a001-01-000000009583050,파워_청소기,grp-a001-01-000000063355695,VR80F01SDG,nkw-a001-01-000007947402998,로봇청소기,,,1000,on
1596292,cmp-a001-01-000000009583050,파워_청소기,grp-a001-01-000000063355695,VR80F01SDG,nkw-a001-01-000007947403012,비스포크스팀AI,,,550,on
1596292,cmp-a001-01-000000009270595,파워_시스템에어컨,grp-a001-01-000000054523193,02. 브랜드K,nkw-a001-01-000007487550207,동문굿모닝힐시스템에어컨,,,70,on
1596292,cmp-a001-01-000000009270595,파워_시스템에어컨,grp-a001-01-000000054523193,02. 브랜드K,nkw-a001-01-000007487550418,하늘채시스템에어컨가격,,,70,on
1596292,cmp-a001-01-000000009270595,파워_시스템에어컨,grp-a001-01-000000054523193,02. 브랜드K,nkw-a001-01-000007487550392,더플래티넘시스템에어컨견적,,,70,on
1596292,cmp-a001-01-000000009270595,파워_시스템에어컨,grp-a001-01-000000054523193,02. 브랜드K,nkw-a001-01-000007487550249,동부센트레빌시스템에어컨비용,,,70,on
1596292,cmp-a001-01-000000009270595,파워_시스템에어컨,grp-a001-01-000000054523193,02. 브랜드K,nkw-a001-01-000007487550405,자이시스템에어컨가격,,,70,on
1596292,cmp-a001-01-000000009270595,파워_시스템에어컨,grp-a001-01-000000054523193,02. 브랜드K,nkw-a001-01-000007487550411,스위첸시스템에어컨가격,,,70,on
1596292,cmp-a001-01-000000009270595,파워_시스템에어컨,grp-a001-01-000000054523193,02. 브랜드K,nkw-a001-01-000007487550413,위브시스템에어컨가격,,,70,on
1596292,cmp-a001-01-000000009270595,파워_시스템에어컨,grp-a001-01-000000054523193,02. 브랜드K,nkw-a001-01-000007487550420,동문굿모닝힐시스템에어컨가격,,,70,on
1596292,cmp-a001-01-000000009270595,파워_시스템에어컨,grp-a001-01-000000054523193,02. 브랜드K,nkw-a001-01-000007487550193,수자인시스템에어컨,,,70,on
1596292,cmp-a001-01-000000009270595,파워_시스템에어컨,grp-a001-01-000000054523193,02. 브랜드K,nkw-a001-01-000007487550255,하늘채시스템에어컨비용,,,70,on
1596292,cmp-a001-01-000000009270595,파워_시스템에어컨,grp-a001-01-000000054523193,02. 브랜드K,nkw-a001-01-000007487550248,스위첸시스템에어컨비용,,,70,on
1596292,cmp-a001-01-000000009270595,파워_시스템에어컨,grp-a001-01-000000054523193,02. 브랜드K,nkw-a001-01-000007489531309,E편한세상아파트시스템에어컨,,,70,on
1596292,cmp-a001-01-000000009270595,파워_시스템에어컨,grp-a001-01-000000054523193,02. 브랜드K,nkw-a001-01-000007489531314,호반베르디움아파트시스템에어컨,,,70,on
1596292,cmp-a001-01-000000009270595,파워_시스템에어컨,grp-a001-01-000000054523193,02. 브랜드K,nkw-a001-01-000007487550394,한화포레나시스템에어컨견적,,,70,on
1596292,cmp-a001-01-000000009270595,파워_시스템에어컨,grp-a001-01-000000054523193,02. 브랜드K,nkw-a001-01-000007487550230,하늘채시스템에어컨설치,,,70,on
1596292,cmp-a001-01-000000009270595,파워_시스템에어컨,grp-a001-01-000000054523193,02. 브랜드K,nkw-a001-01-000007489531305,래미안아파트시스템에어컨,,,70,on
1596292,cmp-a001-01-000000009270595,파워_시스템에어컨,grp-a001-01-000000054523193,02. 브랜드K,nkw-a001-01-000007487550262,래미안시스템에어컨견적,,,70,on
1596292,cmp-a001-01-000000009270595,파워_시스템에어컨,grp-a001-01-000000054523193,02. 브랜드K,nkw-a001-01-000007487550226,에피트시스템에어컨설치,,,70,on
1596292,cmp-a001-01-000000009270595,파워_시스템에어컨,grp-a001-01-000000054523193,02. 브랜드K,nkw-a001-01-000007487550419,한화포레나시스템에어컨가격,,,70,on
1596292,cmp-a001-01-000000009270595,파워_시스템에어컨,grp-a001-01-000000054523193,02. 브랜드K,nkw-a001-01-000007489531317,동부센트레빌아파트시스템에어컨,,,70,on
1596292,cmp-a001-01-000000009270595,파워_시스템에어컨,grp-a001-01-000000054523193,02. 브랜드K,nkw-a001-01-000007487550240,푸르지오시스템에어컨비용,,,70,on
1596292,cmp-a001-01-000000009270595,파워_시스템에어컨,grp-a001-01-000000054523193,02. 브랜드K,nkw-a001-01-000007489531322,더플래티넘아파트시스템에어컨,,,70,on
1596292,cmp-a001-01-000000009270595,파워_시스템에어컨,grp-a001-01-000000054523193,02. 브랜드K,nkw-a001-01-000007487550256,한화포레나시스템에어컨비용,,,70,on
1596292,cmp-a001-01-000000009270595,파워_시스템에어컨,grp-a001-01-000000054523193,02. 브랜드K,nkw-a001-01-000007487550396,SK뷰시스템에어컨견적,,,70,on
1596292,cmp-a001-01-000000009270595,파워_시스템에어컨,grp-a001-01-000000054523193,02. 브랜드K,nkw-a001-01-000007487550198,스위첸시스템에어컨,,,70,on
1596292,cmp-a001-01-000000009270595,파워_시스템에어컨,grp-a001-01-000000054523193,02. 브랜드K,nkw-a001-01-000007487550204,더플래티넘시스템에어컨,,,70,on
1596292,cmp-a001-01-000000009270595,파워_시스템에어컨,grp-a001-01-000000054523193,02. 브랜드K,nkw-a001-01-000007487550231,한화포레나시스템에어컨설치,,,70,on
1596292,cmp-a001-01-000000009270595,파워_시스템에어컨,grp-a001-01-000000054523193,02. 브랜드K,nkw-a001-01-000007487550384,호반베르디움시스템에어컨견적,,,70,on
1596292,cmp-a001-01-000000009270595,파워_시스템에어컨,grp-a001-01-000000054523193,02. 브랜드K,nkw-a001-01-000007489531315,코아루아파트시스템에어컨,,,70,on
1596292,cmp-a001-01-000000009270595,파워_시스템에어컨,grp-a001-01-000000054523193,02. 브랜드K,nkw-a001-01-000007487550202,데시앙시스템에어컨,,,70,on
1596292,cmp-a001-01-000000009270595,파워_시스템에어컨,grp-a001-01-000000054523193,02. 브랜드K,nkw-a001-01-000007487550401,아테라시스템에어컨가격,,,70,on
1596292,cmp-a001-01-000000009270595,파워_시스템에어컨,grp-a001-01-000000054523193,02. 브랜드K,nkw-a001-01-000007487550408,서희스타힐스시스템에어컨가격,,,70,on
1596292,cmp-a001-01-000000009270595,파워_시스템에어컨,grp-a001-01-000000054523193,02. 브랜드K,nkw-a001-01-000007487550257,동문굿모닝힐시스템에어컨비용,,,70,on
1596292,cmp-a001-01-000000009270595,파워_시스템에어컨,grp-a001-01-000000054523193,02. 브랜드K,nkw-a001-01-000007487550391,리슈빌시스템에어컨견적,,,70,on
1596292,cmp-a001-01-000000009270595,파워_시스템에어컨,grp-a001-01-000000054523193,02. 브랜드K,nkw-a001-01-000007487550403,푸르지오시스템에어컨가격,,,70,on
1596292,cmp-a001-01-000000009270595,파워_시스템에어컨,grp-a001-01-000000054523193,02. 브랜드K,nkw-a001-01-000007489531304,롯데캐슬아파트시스템에어컨,,,70,on
1596292,cmp-a001-01-000000009270595,파워_시스템에어컨,grp-a001-01-000000054523193,02. 브랜드K,nkw-a001-01-000007487550213,아테라시스템에어컨설치,,,70,on
1596292,cmp-a001-01-000000009270595,파워_시스템에어컨,grp-a001-01-000000054523193,02. 브랜드K,nkw-a001-01-000007487550383,서희스타힐스시스템에어컨견적,,,70,on
1596292,cmp-a001-01-000000009270595,파워_시스템에어컨,grp-a001-01-000000054523193,02. 브랜드K,nkw-a001-01-000007487550208,SK뷰시스템에어컨,,,70,on
1596292,cmp-a001-01-000000009270595,파워_시스템에어컨,grp-a001-01-000000054523193,02. 브랜드K,nkw-a001-01-000007487550186,롯데캐슬시스템에어컨,,,70,on
1596292,cmp-a001-01-000000009270595,파워_시스템에어컨,grp-a001-01-000000054523193,02. 브랜드K,nkw-a001-01-000007487550237,래미안시스템에어컨비용,,,70,on
1596292,cmp-a001-01-000000009270595,파워_시스템에어컨,grp-a001-01-000000054523193,02. 브랜드K,nkw-a001-01-000007489531319,에피트아파트시스템에어컨,,,70,on
1596292,cmp-a001-01-000000009270595,파워_시스템에어컨,grp-a001-01-000000054523193,02. 브랜드K,nkw-a001-01-000007487550228,리슈빌시스템에어컨설치,,,70,on
1596292,cmp-a001-01-000000009270595,파워_시스템에어컨,grp-a001-01-000000054523193,02. 브랜드K,nkw-a001-01-000007487550242,자이시스템에어컨비용,,,70,on
1596292,cmp-a001-01-000000009270595,파워_시스템에어컨,grp-a001-01-000000054523193,02. 브랜드K,nkw-a001-01-000007487550220,서희스타힐스시스템에어컨설치,,,70,on
1596292,cmp-a001-01-000000009270595,파워_시스템에어컨,grp-a001-01-000000054523193,02. 브랜드K,nkw-a001-01-000007487550386,스위첸시스템에어컨견적,,,70,on
1596292,cmp-a001-01-000000009270595,파워_시스템에어컨,grp-a001-01-000000054523193,02. 브랜드K,nkw-a001-01-000007487550404,E편한세상시스템에어컨가격,,,70,on
1596292,cmp-a001-01-000000009270595,파워_시스템에어컨,grp-a001-01-000000054523193,02. 브랜드K,nkw-a001-01-000007487550216,E편한세상시스템에어컨설치,,,70,on
1596292,cmp-a001-01-000000009270595,파워_시스템에어컨,grp-a001-01-000000054523193,02. 브랜드K,nkw-a001-01-000007487550239,아이파크시스템에어컨비용,,,70,on
1596292,cmp-a001-01-000000009270595,파워_시스템에어컨,grp-a001-01-000000054523193,02. 브랜드K,nkw-a001-01-000007489531303,힐스테이트아파트시스템에어컨,,,70,on
1596292,cmp-a001-01-000000009270595,파워_시스템에어컨,grp-a001-01-000000054523193,02. 브랜드K,nkw-a001-01-000007489531327,벽산블루밍아파트시스템에어컨,,,70,on
1596292,cmp-a001-01-000000009270595,파워_시스템에어컨,grp-a001-01-000000054523193,02. 브랜드K,nkw-a001-01-000007487550390,데시앙시스템에어컨견적,,,70,on
1596292,cmp-a001-01-000000009270595,파워_시스템에어컨,grp-a001-01-000000054523193,02. 브랜드K,nkw-a001-01-000007487550190,푸르지오시스템에어컨,,,70,on
1596292,cmp-a001-01-000000009270595,파워_시스템에어컨,grp-a001-01-000000054523193,02. 브랜드K,nkw-a001-01-000007487550251,에피트시스템에어컨비용,,,70,on
1596292,cmp-a001-01-000000009270595,파워_시스템에어컨,grp-a001-01-000000054523193,02. 브랜드K,nkw-a001-01-000007487550399,롯데캐슬시스템에어컨가격,,,70,on
1596292,cmp-a001-01-000000009270595,파워_시스템에어컨,grp-a001-01-000000054523193,02. 브랜드K,nkw-a001-01-000007487550247,코아루시스템에어컨비용,,,70,on
1596292,cmp-a001-01-000000009270595,파워_시스템에어컨,grp-a001-01-000000054523193,02. 브랜드K,nkw-a001-01-000007489531308,푸르지오아파트시스템에어컨,,,70,on
1596292,cmp-a001-01-000000009270595,파워_시스템에어컨,grp-a001-01-000000054523193,02. 브랜드K,nkw-a001-01-000007487550222,코아루시스템에어컨설치,,,70,on
1596292,cmp-a001-01-000000009270595,파워_시스템에어컨,grp-a001-01-000000054523193,02. 브랜드K,nkw-a001-01-000007489531318,위브아파트시스템에어컨,,,70,on
1596292,cmp-a001-01-000000009270595,파워_시스템에어컨,grp-a001-01-000000054523193,02. 브랜드K,nkw-a001-01-000007487550398,힐스테이트시스템에어컨가격,,,70,on
1596292,cmp-a001-01-000000009270595,파워_시스템에어컨,grp-a001-01-000000054523193,02. 브랜드K,nkw-a001-01-000007489531325,동문굿모닝힐아파트시스템에어컨,,,70,on
1596292,cmp-a001-01-000000009270595,파워_시스템에어컨,grp-a001-01-000000054523193,02. 브랜드K,nkw-a001-01-000007487550400,래미안시스템에어컨가격,,,70,on
1596292,cmp-a001-01-000000009270595,파워_시스템에어컨,grp-a001-01-000000054523193,02. 브랜드K,nkw-a001-01-000007487550250,위브시스템에어컨비용,,,70,on
1596292,cmp-a001-01-000000009270595,파워_시스템에어컨,grp-a001-01-000000054523193,02. 브랜드K,nkw-a001-01-000007487550385,코아루시스템에어컨견적,,,70,on
1596292,cmp-a001-01-000000009270595,파워_시스템에어컨,grp-a001-01-000000054523193,02. 브랜드K,nkw-a001-01-000007489531313,서희스타힐스아파트시스템에어컨,,,70,on
1596292,cmp-a001-01-000000009270595,파워_시스템에어컨,grp-a001-01-000000054523193,02. 브랜드K,nkw-a001-01-000007489531312,우미린아파트시스템에어컨,,,70,on
1596292,cmp-a001-01-000000009270595,파워_시스템에어컨,grp-a001-01-000000054523193,02. 브랜드K,nkw-a001-01-000007487550395,동문굿모닝힐시스템에어컨견적,,,70,on
1596292,cmp-a001-01-000000009270595,파워_시스템에어컨,grp-a001-01-000000054523193,02. 브랜드K,nkw-a001-01-000007487550234,벽산블루밍시스템에어컨설치,,,70,on
1596292,cmp-a001-01-000000009270595,파워_시스템에어컨,grp-a001-01-000000054523193,02. 브랜드K,nkw-a001-01-000007487550225,위브시스템에어컨설치,,,70,on
1596292,cmp-a001-01-000000009270595,파워_시스템에어컨,grp-a001-01-000000054523193,02. 브랜드K,nkw-a001-01-000007487550268,수자인시스템에어컨견적,,,70,on
1596292,cmp-a001-01-000000009270595,파워_시스템에어컨,grp-a001-01-000000054523193,02. 브랜드K,nkw-a001-01-000007487550388,위브시스템에어컨견적,,,70,on
1596292,cmp-a001-01-000000009270595,파워_시스템에어컨,grp-a001-01-000000054523193,02. 브랜드K,nkw-a001-01-000007487550201,에피트시스템에어컨,,,70,on
1596292,cmp-a001-01-000000009270595,파워_시스템에어컨,grp-a001-01-000000054523193,02. 브랜드K,nkw-a001-01-000007487550260,힐스테이트시스템에어컨견적,,,70,on
1596292,cmp-a001-01-000000009270595,파워_시스템에어컨,grp-a001-01-000000054523193,02. 브랜드K,nkw-a001-01-000007487550402,아이파크시스템에어컨가격,,,70,on
1596292,cmp-a001-01-000000009270595,파워_시스템에어컨,grp-a001-01-000000054523193,02. 브랜드K,nkw-a001-01-000007489531324,한화포레나아파트시스템에어컨,,,70,on
1596292,cmp-a001-01-000000009270595,파워_시스템에어컨,grp-a001-01-000000054523193,02. 브랜드K,nkw-a001-01-000007487550217,자이시스템에어컨설치,,,70,on
1596292,cmp-a001-01-000000009270595,파워_시스템에어컨,grp-a001-01-000000054523193,02. 브랜드K,nkw-a001-01-000007487550397,벽산블루밍시스템에어컨견적,,,70,on
1596292,cmp-a001-01-000000009270595,파워_시스템에어컨,grp-a001-01-000000054523193,02. 브랜드K,nkw-a001-01-000007487550264,아이파크시스템에어컨견적,,,70,on
1596292,cmp-a001-01-000000009270595,파워_시스템에어컨,grp-a001-01-000000054523193,02. 브랜드K,nkw-a001-01-000007489531311,수자인아파트시스템에어컨,,,70,on
1596292,cmp-a001-01-000000009270595,파워_시스템에어컨,grp-a001-01-000000054523193,02. 브랜드K,nkw-a001-01-000007487550185,힐스테이트시스템에어컨,,,70,on
1596292,cmp-a001-01-000000009270595,파워_시스템에어컨,grp-a001-01-000000054523193,02. 브랜드K,nkw-a001-01-000007489531321,리슈빌아파트시스템에어컨,,,70,on
1596292,cmp-a001-01-000000009270595,파워_시스템에어컨,grp-a001-01-000000054523193,02. 브랜드K,nkw-a001-01-000007487550238,아테라시스템에어컨비용,,,70,on
1596292,cmp-a001-01-000000009270595,파워_시스템에어컨,grp-a001-01-000000054523193,02. 브랜드K,nkw-a001-01-000007487550223,스위첸시스템에어컨설치,,,70,on
1596292,cmp-a001-01-000000009270595,파워_시스템에어컨,grp-a001-01-000000054523193,02. 브랜드K,nkw-a001-01-000007487550209,벽산블루밍시스템에어컨,,,70,on
1596292,cmp-a001-01-000000009270595,파워_시스템에어컨,grp-a001-01-000000054523193,02. 브랜드K,nkw-a001-01-000007487550259,벽산블루밍시스템에어컨비용,,,70,on
1596292,cmp-a001-01-000000009270595,파워_시스템에어컨,grp-a001-01-000000054523193,02. 브랜드K,nkw-a001-01-000007487550415,데시앙시스템에어컨가격,,,70,on
1596292,cmp-a001-01-000000009270595,파워_시스템에어컨,grp-a001-01-000000054523193,02. 브랜드K,nkw-a001-01-000007487550422,벽산블루밍시스템에어컨가격,,,70,on
1596292,cmp-a001-01-000000009270595,파워_시스템에어컨,grp-a001-01-000000054523193,02. 브랜드K,nkw-a001-01-000007489531306,아테라아파트시스템에어컨,,,70,on
1596292,cmp-a001-01-000000009270595,파워_시스템에어컨,grp-a001-01-000000054523193,02. 브랜드K,nkw-a001-01-000007487550232,동문굿모닝힐시스템에어컨설치,,,70,on
1596292,cmp-a001-01-000000009270595,파워_시스템에어컨,grp-a001-01-000000054523193,02. 브랜드K,nkw-a001-01-000007487550246,호반베르디움시스템에어컨비용,,,70,on
1596292,cmp-a001-01-000000009270595,파워_시스템에어컨,grp-a001-01-000000054523193,02. 브랜드K,nkw-a001-01-000007487550267,자이시스템에어컨견적,,,70,on
1596292,cmp-a001-01-000000009270595,파워_시스템에어컨,grp-a001-01-000000054523193,02. 브랜드K,nkw-a001-01-000007487550387,동부센트레빌시스템에어컨견적,,,70,on
1596292,cmp-a001-01-000000009270595,파워_시스템에어컨,grp-a001-01-000000054523193,02. 브랜드K,nkw-a001-01-000007487550406,수자인시스템에어컨가격,,,70,on
1596292,cmp-a001-01-000000009270595,파워_시스템에어컨,grp-a001-01-000000054523193,02. 브랜드K,nkw-a001-01-000007487550194,우미린시스템에어컨,,,70,on
1596292,cmp-a001-01-000000009270595,파워_시스템에어컨,grp-a001-01-000000054523193,02. 브랜드K,nkw-a001-01-000007487550243,수자인시스템에어컨비용,,,70,on
1596292,cmp-a001-01-000000009270595,파워_시스템에어컨,grp-a001-01-000000054523193,02. 브랜드K,nkw-a001-01-000007487550244,우미린시스템에어컨비용,,,70,on
1596292,cmp-a001-01-000000009270595,파워_시스템에어컨,grp-a001-01-000000054523193,02. 브랜드K,nkw-a001-01-000007487550393,하늘채시스템에어컨견적,,,70,on
1596292,cmp-a001-01-000000009270595,파워_시스템에어컨,grp-a001-01-000000054523193,02. 브랜드K,nkw-a001-01-000007487550199,동부센트레빌시스템에어컨,,,70,on
1596292,cmp-a001-01-000000009270595,파워_시스템에어컨,grp-a001-01-000000054523193,02. 브랜드K,nkw-a001-01-000007487550187,래미안시스템에어컨,,,70,on
1596292,cmp-a001-01-000000009270595,파워_시스템에어컨,grp-a001-01-000000054523193,02. 브랜드K,nkw-a001-01-000007487550261,롯데캐슬시스템에어컨견적,,,70,on
1596292,cmp-a001-01-000000009270595,파워_시스템에어컨,grp-a001-01-000000054523193,02. 브랜드K,nkw-a001-01-000007487550389,에피트시스템에어컨견적,,,70,on
1596292,cmp-a001-01-000000009270595,파워_시스템에어컨,grp-a001-01-000000054523193,02. 브랜드K,nkw-a001-01-000007487550218,수자인시스템에어컨설치,,,70,on
1596292,cmp-a001-01-000000009270595,파워_시스템에어컨,grp-a001-01-000000054523193,02. 브랜드K,nkw-a001-01-000007487550214,아이파크시스템에어컨설치,,,70,on
1596292,cmp-a001-01-000000009270595,파워_시스템에어컨,grp-a001-01-000000054523193,02. 브랜드K,nkw-a001-01-000007487550265,푸르지오시스템에어컨견적,,,70,on
1596292,cmp-a001-01-000000009270595,파워_시스템에어컨,grp-a001-01-000000054523193,02. 브랜드K,nkw-a001-01-000007487550235,힐스테이트시스템에어컨비용,,,70,on
1596292,cmp-a001-01-000000009270595,파워_시스템에어컨,grp-a001-01-000000054523193,02. 브랜드K,nkw-a001-01-000007487550269,우미린시스템에어컨견적,,,70,on
1596292,cmp-a001-01-000000009270595,파워_시스템에어컨,grp-a001-01-000000054523193,02. 브랜드K,nkw-a001-01-000007487550197,코아루시스템에어컨,,,70,on
1596292,cmp-a001-01-000000009270595,파워_시스템에어컨,grp-a001-01-000000054523193,02. 브랜드K,nkw-a001-01-000007487550224,동부센트레빌시스템에어컨설치,,,70,on
1596292,cmp-a001-01-000000009270595,파워_시스템에어컨,grp-a001-01-000000054523193,02. 브랜드K,nkw-a001-01-000007489531310,자이아파트시스템에어컨,,,70,on
1596292,cmp-a001-01-000000009270595,파워_시스템에어컨,grp-a001-01-000000054523193,02. 브랜드K,nkw-a001-01-000007487550211,롯데캐슬시스템에어컨설치,,,70,on
1596292,cmp-a001-01-000000009270595,파워_시스템에어컨,grp-a001-01-000000054523193,02. 브랜드K,nkw-a001-01-000007489531316,스위첸아파트시스템에어컨,,,70,on
1596292,cmp-a001-01-000000009270595,파워_시스템에어컨,grp-a001-01-000000054523193,02. 브랜드K,nkw-a001-01-000007487550229,더플래티넘시스템에어컨설치,,,70,on
1596292,cmp-a001-01-000000009270595,파워_시스템에어컨,grp-a001-01-000000054523193,02. 브랜드K,nkw-a001-01-000007487550254,더플래티넘시스템에어컨비용,,,70,on
1596292,cmp-a001-01-000000009270595,파워_시스템에어컨,grp-a001-01-000000054523193,02. 브랜드K,nkw-a001-01-000007487550241,E편한세상시스템에어컨비용,,,70,on
1596292,cmp-a001-01-000000009270595,파워_시스템에어컨,grp-a001-01-000000054523193,02. 브랜드K,nkw-a001-01-000007487550189,아이파크시스템에어컨,,,70,on
1596292,cmp-a001-01-000000009270595,파워_시스템에어컨,grp-a001-01-000000054523193,02. 브랜드K,nkw-a001-01-000007487550192,자이시스템에어컨,,,70,on
1596292,cmp-a001-01-000000009270595,파워_시스템에어컨,grp-a001-01-000000054523193,02. 브랜드K,nkw-a001-01-000007487550227,데시앙시스템에어컨설치,,,70,on
1596292,cmp-a001-01-000000009270595,파워_시스템에어컨,grp-a001-01-000000054523193,02. 브랜드K,nkw-a001-01-000007487550233,SK뷰시스템에어컨설치,,,70,on
1596292,cmp-a001-01-000000009270595,파워_시스템에어컨,grp-a001-01-000000054523193,02. 브랜드K,nkw-a001-01-000007487550266,E편한세상시스템에어컨견적,,,70,on
1596292,cmp-a001-01-000000009270595,파워_시스템에어컨,grp-a001-01-000000054523193,02. 브랜드K,nkw-a001-01-000007487550412,동부센트레빌시스템에어컨가격,,,70,on
1596292,cmp-a001-01-000000009270595,파워_시스템에어컨,grp-a001-01-000000054523193,02. 브랜드K,nkw-a001-01-000007487550407,우미린시스템에어컨가격,,,70,on
1596292,cmp-a001-01-000000009270595,파워_시스템에어컨,grp-a001-01-000000054523193,02. 브랜드K,nkw-a001-01-000007487550188,아테라시스템에어컨,,,70,on
1596292,cmp-a001-01-000000009270595,파워_시스템에어컨,grp-a001-01-000000054523193,02. 브랜드K,nkw-a001-01-000007487550206,한화포레나시스템에어컨,,,70,on
1596292,cmp-a001-01-000000009270595,파워_시스템에어컨,grp-a001-01-000000054523193,02. 브랜드K,nkw-a001-01-000007487550252,데시앙시스템에어컨비용,,,70,on
1596292,cmp-a001-01-000000009270595,파워_시스템에어컨,grp-a001-01-000000054523193,02. 브랜드K,nkw-a001-01-000007487550417,더플래티넘시스템에어컨가격,,,70,on
1596292,cmp-a001-01-000000009270595,파워_시스템에어컨,grp-a001-01-000000054523193,02. 브랜드K,nkw-a001-01-000007487550409,호반베르디움시스템에어컨가격,,,70,on
1596292,cmp-a001-01-000000009270595,파워_시스템에어컨,grp-a001-01-000000054523193,02. 브랜드K,nkw-a001-01-000007487550245,서희스타힐스시스템에어컨비용,,,70,on
1596292,cmp-a001-01-000000009270595,파워_시스템에어컨,grp-a001-01-000000054523193,02. 브랜드K,nkw-a001-01-000007487550416,리슈빌시스템에어컨가격,,,70,on
1596292,cmp-a001-01-000000009270595,파워_시스템에어컨,grp-a001-01-000000054523193,02. 브랜드K,nkw-a001-01-000007489531320,데시앙아파트시스템에어컨,,,70,on
1596292,cmp-a001-01-000000009270595,파워_시스템에어컨,grp-a001-01-000000054523193,02. 브랜드K,nkw-a001-01-000007487550212,래미안시스템에어컨설치,,,70,on
1596292,cmp-a001-01-000000009270595,파워_시스템에어컨,grp-a001-01-000000054523193,02. 브랜드K,nkw-a001-01-000007487550410,코아루시스템에어컨가격,,,70,on
1596292,cmp-a001-01-000000009270595,파워_시스템에어컨,grp-a001-01-000000054523193,02. 브랜드K,nkw-a001-01-000007487550200,위브시스템에어컨,,,70,on
1596292,cmp-a001-01-000000009270595,파워_시스템에어컨,grp-a001-01-000000054523193,02. 브랜드K,nkw-a001-01-000007487550219,우미린시스템에어컨설치,,,70,on
1596292,cmp-a001-01-000000009270595,파워_시스템에어컨,grp-a001-01-000000054523193,02. 브랜드K,nkw-a001-01-000007487550236,롯데캐슬시스템에어컨비용,,,70,on
1596292,cmp-a001-01-000000009270595,파워_시스템에어컨,grp-a001-01-000000054523193,02. 브랜드K,nkw-a001-01-000007487550253,리슈빌시스템에어컨비용,,,70,on
1596292,cmp-a001-01-000000009270595,파워_시스템에어컨,grp-a001-01-000000054523193,02. 브랜드K,nkw-a001-01-000007487550421,SK뷰시스템에어컨가격,,,70,on
1596292,cmp-a001-01-000000009270595,파워_시스템에어컨,grp-a001-01-000000054523193,02. 브랜드K,nkw-a001-01-000007487550205,하늘채시스템에어컨,,,70,on
1596292,cmp-a001-01-000000009270595,파워_시스템에어컨,grp-a001-01-000000054523193,02. 브랜드K,nkw-a001-01-000007489531326,SK뷰아파트시스템에어컨,,,70,on
1596292,cmp-a001-01-000000009270595,파워_시스템에어컨,grp-a001-01-000000054523193,02. 브랜드K,nkw-a001-01-000007487550221,호반베르디움시스템에어컨설치,,,70,on
1596292,cmp-a001-01-000000009270595,파워_시스템에어컨,grp-a001-01-000000054523193,02. 브랜드K,nkw-a001-01-000007487550203,리슈빌시스템에어컨,,,70,on
1596292,cmp-a001-01-000000009270595,파워_시스템에어컨,grp-a001-01-000000054523193,02. 브랜드K,nkw-a001-01-000007487550191,E편한세상시스템에어컨,,,70,on
1596292,cmp-a001-01-000000009270595,파워_시스템에어컨,grp-a001-01-000000054523193,02. 브랜드K,nkw-a001-01-000007487550196,호반베르디움시스템에어컨,,,70,on
1596292,cmp-a001-01-000000009270595,파워_시스템에어컨,grp-a001-01-000000054523193,02. 브랜드K,nkw-a001-01-000007487550258,SK뷰시스템에어컨비용,,,70,on
1596292,cmp-a001-01-000000009270595,파워_시스템에어컨,grp-a001-01-000000054523193,02. 브랜드K,nkw-a001-01-000007487550414,에피트시스템에어컨가격,,,70,on
1596292,cmp-a001-01-000000009270595,파워_시스템에어컨,grp-a001-01-000000054523193,02. 브랜드K,nkw-a001-01-000007487550195,서희스타힐스시스템에어컨,,,70,on
1596292,cmp-a001-01-000000009270595,파워_시스템에어컨,grp-a001-01-000000054523193,02. 브랜드K,nkw-a001-01-000007487550210,힐스테이트시스템에어컨설치,,,70,on
1596292,cmp-a001-01-000000009270595,파워_시스템에어컨,grp-a001-01-000000054523193,02. 브랜드K,nkw-a001-01-000007489531307,아이파크아파트시스템에어컨,,,70,on
1596292,cmp-a001-01-000000009270595,파워_시스템에어컨,grp-a001-01-000000054523193,02. 브랜드K,nkw-a001-01-000007489531323,하늘채아파트시스템에어컨,,,70,on
1596292,cmp-a001-01-000000009270595,파워_시스템에어컨,grp-a001-01-000000054523193,02. 브랜드K,nkw-a001-01-000007487550215,푸르지오시스템에어컨설치,,,70,on
1596292,cmp-a001-01-000000009270595,파워_시스템에어컨,grp-a001-01-000000054523193,02. 브랜드K,nkw-a001-01-000007487550263,아테라시스템에어컨견적,,,70,on
1596292,cmp-a001-01-000000010591900,파워_시스템에어컨_26년,grp-a001-01-000000066145907,파워_시스템에어컨_메인 키워드,nkw-a001-01-000008146543483,삼성전자시스템에어컨,,,1480,on
1596292,cmp-a001-01-000000010591900,파워_시스템에어컨_26년,grp-a001-01-000000066145907,파워_시스템에어컨_메인 키워드,nkw-a001-01-000008146543489,삼성시스템에어컨견적,,,1370,on
1596292,cmp-a001-01-000000010591900,파워_시스템에어컨_26년,grp-a001-01-000000066145907,파워_시스템에어컨_메인 키워드,nkw-a001-01-000008146543485,시스템에어컨견적,,,6000,on
1596292,cmp-a001-01-000000010591900,파워_시스템에어컨_26년,grp-a001-01-000000066145907,파워_시스템에어컨_메인 키워드,nkw-a001-01-000008146543500,비스포크시스템에어컨,,,330,on
1596292,cmp-a001-01-000000010591900,파워_시스템에어컨_26년,grp-a001-01-000000066145907,파워_시스템에어컨_메인 키워드,nkw-a001-01-000008146543488,시스템에어컨설치비용,,,5700,on
1596292,cmp-a001-01-000000010591900,파워_시스템에어컨_26년,grp-a001-01-000000066145907,파워_시스템에어컨_메인 키워드,nkw-a001-01-000008146543482,시스템에어컨설치,,,8000,on
1596292,cmp-a001-01-000000010591900,파워_시스템에어컨_26년,grp-a001-01-000000066145907,파워_시스템에어컨_메인 키워드,nkw-a001-01-000008146543490,삼성무풍시스템에어컨가격,,,70,on
1596292,cmp-a001-01-000000010591900,파워_시스템에어컨_26년,grp-a001-01-000000066145907,파워_시스템에어컨_메인 키워드,nkw-a001-01-000008146614261,가정용시스템에어컨,,,4000,on
1596292,cmp-a001-01-000000010591900,파워_시스템에어컨_26년,grp-a001-01-000000066145907,파워_시스템에어컨_메인 키워드,nkw-a001-01-000008146543486,무풍시스템에어컨,,,1810,on
1596292,cmp-a001-01-000000010591900,파워_시스템에어컨_26년,grp-a001-01-000000066145907,파워_시스템에어컨_메인 키워드,nkw-a001-01-000008146543491,시스템에어컨비교,,,1060,on
1596292,cmp-a001-01-000000010591900,파워_시스템에어컨_26년,grp-a001-01-000000066145907,파워_시스템에어컨_메인 키워드,nkw-a001-01-000008146543480,삼성시스템에어컨,,,4260,on
1596292,cmp-a001-01-000000010591900,파워_시스템에어컨_26년,grp-a001-01-000000066145907,파워_시스템에어컨_메인 키워드,nkw-a001-01-000008146543501,삼성비스포크시스템에어컨,,,360,on
1596292,cmp-a001-01-000000010591900,파워_시스템에어컨_26년,grp-a001-01-000000066145907,파워_시스템에어컨_메인 키워드,nkw-a001-01-000008146543497,거실시스템에어컨,,,700,on
1596292,cmp-a001-01-000000010591900,파워_시스템에어컨_26년,grp-a001-01-000000066145907,파워_시스템에어컨_메인 키워드,nkw-a001-01-000008146543481,삼성무풍시스템에어컨,,,3420,on
1596292,cmp-a001-01-000000010591900,파워_시스템에어컨_26년,grp-a001-01-000000066145907,파워_시스템에어컨_메인 키워드,nkw-a001-01-000008146543499,무풍에어컨시스템,,,640,on
1596292,cmp-a001-01-000000010591900,파워_시스템에어컨_26년,grp-a001-01-000000066145907,파워_시스템에어컨_메인 키워드,nkw-a001-01-000008146543494,시스템에어컨2실,,,880,on
1596292,cmp-a001-01-000000010591900,파워_시스템에어컨_26년,grp-a001-01-000000066145907,파워_시스템에어컨_메인 키워드,nkw-a001-01-000008146543498,천장형시스템에어컨,,,4020,on
1596292,cmp-a001-01-000000010591900,파워_시스템에어컨_26년,grp-a001-01-000000066145907,파워_시스템에어컨_메인 키워드,nkw-a001-01-000008146543492,시스템에어컨추천,,,3420,on
1596292,cmp-a001-01-000000010591900,파워_시스템에어컨_26년,grp-a001-01-000000066145907,파워_시스템에어컨_메인 키워드,nkw-a001-01-000008146543495,삼성시스템에어컨4실,,,330,on
1596292,cmp-a001-01-000000010591900,파워_시스템에어컨_26년,grp-a001-01-000000066145907,파워_시스템에어컨_메인 키워드,nkw-a001-01-000008146543484,시스템에어컨가격,,,2960,on
1596292,cmp-a001-01-000000010591900,파워_시스템에어컨_26년,grp-a001-01-000000066145907,파워_시스템에어컨_메인 키워드,nkw-a001-01-000008146543493,시스템에어컨4실,,,800,on
1596292,cmp-a001-01-000000010591900,파워_시스템에어컨_26년,grp-a001-01-000000066145907,파워_시스템에어컨_메인 키워드,nkw-a001-01-000008146543479,시스템에어컨,,,500,on
1596292,cmp-a001-01-000000010591900,파워_시스템에어컨_26년,grp-a001-01-000000066145907,파워_시스템에어컨_메인 키워드,nkw-a001-01-000008146543496,삼성무풍시스템에어컨4실,,,70,on
1596292,cmp-a001-01-000000010591900,파워_시스템에어컨_26년,grp-a001-01-000000066145907,파워_시스템에어컨_메인 키워드,nkw-a001-01-000008146614262,삼성DVMH가정용무풍시스템4실,,,70,on
1596292,cmp-a001-01-000000010591900,파워_시스템에어컨_26년,grp-a001-01-000000066145907,파워_시스템에어컨_메인 키워드,nkw-a001-01-000008146543487,삼성시스템에어컨설치,,,3500,on
1596292,cmp-a001-01-000000009270595,파워_시스템에어컨,grp-a001-01-000000054621092,05. 시스템에어컨 2대,nkw-a001-01-000007494848539,삼성시스템에어컨2대,,,70,on
1596292,cmp-a001-01-000000009270595,파워_시스템에어컨,grp-a001-01-000000054621092,05. 시스템에어컨 2대,nkw-a001-01-000007494848538,시스템에어컨2대,,,960,on
